-- There is a shop of JFAutomobile which is specialized on renting vehicle and also repairing the vehicle that they have, and one day a customer called  Valentino wanted to borrow a car on 21st of June 2022
-- and the staff that is serving him is called Mike so occurs a transaction for: TR-001 on 21st of June 2022

INSERT INTO MsStaff VALUES ('SF-001', 'Elon Musk', 'dogetothemoon@gmail.com', 'Male', 'Oak hill street number 2', '+625551234')
INSERT INTO MsStaff VALUES ('SF-002', 'Bill Gates', 'amazon@gmail.com', 'Male', 'Beverly Hills junction number 1', '+6233413454')
INSERT INTO MsStaff VALUES ('SF-003', 'Mike Tyson', 'miketyson@gmail.com', 'Male', 'New York times 2', '+6233724234')
INSERT INTO MsStaff VALUES ('SF-004', 'Kobe Bryant', 'kobryant@gmail.com', 'Male', 'Los Angeles 3 number 4d', '+6251238634')
INSERT INTO MsStaff VALUES ('SF-005', 'Taylor Swift', 'twift@gmail.com', 'Female', 'Bethel Park Pennysylvania 2', '+628357843')
INSERT INTO MsStaff VALUES ('SF-006', 'Adele', 'adeleee@gmail.com', 'Female', 'Grand Haven Michigan 212', '+628428166')
INSERT INTO MsStaff VALUES ('SF-007', 'Olivia Rodrigo', 'good4u@gmail.com', 'Female', 'Trempealu 332', '+6255531015')
INSERT INTO MsStaff VALUES ('SF-008', 'Ariana Tall', 'arianaanaria@gmail.com', 'Female', '12 Adam Street Wilson', '+626558701')
INSERT INTO MsStaff VALUES ('SF-009', 'Avril Lavigne', 'alignen@gmail.com', 'Female', '905 Hancock Creek South', '+625741017')
INSERT INTO MsStaff VALUES ('SF-010', 'Jordan Poole', 'jpoole@gmail.com', 'Male', 'Oak hill street number 5', '+625552334')

INSERT INTO MsCustomer VALUES ('CS-001', 'Dwight Howard', 'doward@gmail.com', 'Male', 'Greenwood Arkansas 3', '+629961495')
INSERT INTO MsCustomer VALUES ('CS-002', 'James Jordan', 'jamesjordan@gmail.com', 'Male', '211 Market Street number 4', '+626587230')
INSERT INTO MsCustomer VALUES ('CS-003', 'Karen Jennifer', 'kennifer@gmail.com', 'Female', '45 Village Oklahoma', '+629921195')
INSERT INTO MsCustomer VALUES ('CS-004', 'Michelle Novia', 'michellevia@gmail.com', 'Female', '8739 Hostaway Street', '+628566513')
INSERT INTO MsCustomer VALUES ('CS-005', 'Gladys Michael', 'gelll@gmail.com', 'Female', '211 Paddington Street 3', '+625529218')
INSERT INTO MsCustomer VALUES ('CS-006', 'Jeff Rozy', 'jeffrozy@gmail.com', 'Male', '614 Hwy Shickley', '+626272145')
INSERT INTO MsCustomer VALUES ('CS-007', 'Valentino Victor', 'vectorr@gmail.com', 'Male', '15 Michigan City 85', '+62221355231')
INSERT INTO MsCustomer VALUES ('CS-008', 'Reinhardt Bezz', 'reinhardttz@gmail.com', 'Male', '12 Tumblr Shickley', '+6255788231')
INSERT INTO MsCustomer VALUES ('CS-009', 'Kevin Delvin', 'kelvin@gmail.com', 'Male', '176 McAplin Florida', '+62223412495')
INSERT INTO MsCustomer VALUES ('CS-010', 'Matthew Ariel', 'matthewariel@gmail.com', 'Male', '22 Zuni Street 3', '+626611414')

INSERT INTO MsMechanic VALUES ('MC-001', 'Justin Jonas', 'justjon@gmail.com', '32 Paddington street', '+62642235512')
INSERT INTO MsMechanic VALUES ('MC-002', 'Kevin Heart', 'kert@gmail.com', '52 Sbux street', '+62366213212')
INSERT INTO MsMechanic VALUES ('MC-003', 'Robert William', 'rilliam@gmail.com', '32 Village Oak street', '+62886421321')
INSERT INTO MsMechanic VALUES ('MC-004', 'William Johns', 'williamjohns@gmail.com', '21 Oklahoma street', '+62989674236')
INSERT INTO MsMechanic VALUES ('MC-005', 'Robert Kozawski', 'raswki@gmail.com', '822 Mczeplin street', '+62990532212')
INSERT INTO MsMechanic VALUES ('MC-006', 'Gilbert Timothy', 'tigil@gmail.com', '231 Lebanon street', '+62547834978')
INSERT INTO MsMechanic VALUES ('MC-007', 'Albert Reinz', 'albertreinz@gmail.com', '123 Roaring street', '+62343243249')
INSERT INTO MsMechanic VALUES ('MC-008', 'Michael Mikew', 'michaelw232@gmail.com', '12 Triginz street', '+62698543293')
INSERT INTO MsMechanic VALUES ('MC-009', 'William Down', 'wown221@gmail.com', '57 Afro street', '+62783432473')
INSERT INTO MsMechanic VALUES ('MC-010', 'Trix Down', 'town@gmal.com', '32 Ramzes street', '+62329986133')

INSERT INTO MsBrand VALUES ('CB-001', 'Acura', 'Japan')
INSERT INTO MsBrand VALUES ('CB-002', 'Alfa Romeo', 'German')
INSERT INTO MsBrand VALUES ('CB-003', 'Audi', 'United States')
INSERT INTO MsBrand VALUES ('CB-004', 'BMW', 'German')
INSERT INTO MsBrand VALUES ('CB-005', 'Bently', 'German')
INSERT INTO MsBrand VALUES ('CB-006', 'Buick', 'Japan')
INSERT INTO MsBrand VALUES ('CB-007', 'Chevrolet', 'United States')
INSERT INTO MsBrand VALUES ('CB-008', 'Tesla', 'United States')
INSERT INTO MsBrand VALUES ('CB-009', 'Honda', 'Japan')
INSERT INTO MsBrand VALUES ('CB-010', 'Toyota', 'Japan')

INSERT INTO MsCar VALUES ('CR-001', 'CB-001', 'Acura Model 1', 2200, 4, 1500, 1)
INSERT INTO MsCar VALUES ('CR-002', 'CB-004', 'BMW Model 3', 3000, 2, 3000, 1)
INSERT INTO MsCar VALUES ('CR-003', 'CB-009', 'Honda Civic Turbo', 2600, 4, 2000, 0)
INSERT INTO MsCar VALUES ('CR-004', 'CB-003', 'Audi X', 3100, 2, 2500, 1)
INSERT INTO MsCar VALUES ('CR-005', 'CB-010', 'Toyota 86', 2300, 4, 2300, 1)
INSERT INTO MsCar VALUES ('CR-006', 'CB-005', 'Bently 2022', 2700, 4, 2500, 0)
INSERT INTO MsCar VALUES ('CR-007', 'CB-008', 'Tesla Model X', 3500, 2,2000 , 1)
INSERT INTO MsCar VALUES ('CR-008', 'CB-008', 'Tesla Model Y', 3300, 4, 2000, 0)
INSERT INTO MsCar VALUES ('CR-009', 'CB-002', 'Alfa Juliet', 2000, 4, 2000, 1)
INSERT INTO MsCar VALUES ('CR-010', 'CB-006', 'Buick 3', 2500, 2, 2500, 1)

INSERT INTO MsService VALUES ('SV-001', 'Engine Reparation', 200000)
INSERT INTO MsService VALUES ('SV-002', 'Engine Routine Service', 150000)
INSERT INTO MsService VALUES ('SV-003', 'Tire Change', 100000)
INSERT INTO MsService VALUES ('SV-004', 'Brake Routine Service', 170000)
INSERT INTO MsService VALUES ('SV-005', 'Body Repair', 500000)
INSERT INTO MsService VALUES ('SV-006', 'Turbo Addition', 900000)
INSERT INTO MsService VALUES ('SV-007', 'Exhaust Reparation', 400000)
INSERT INTO MsService VALUES ('SV-008', 'Shockbreaker Routine Service', 180000)
INSERT INTO MsService VALUES ('SV-009', 'Interior Retouch', 600000)
INSERT INTO MsService VALUES ('SV-010', 'Exhaust Routine Service', 300000)
INSERT INTO MsService VALUES ('SV-011', 'All Part Service', 1000000)
INSERT INTO MsService VALUES ('SV-012', 'All Part Routine Maintainability', 1000000)

INSERT INTO RentalTransactionHeader VALUES ('TR-001', 'SF-003', 'CS-007', '2022-06-19', '2022-06-21')
INSERT INTO RentalTransactionHeader VALUES ('TR-002', 'SF-001', 'CS-003', '2022-06-14', '2022-06-27')
INSERT INTO RentalTransactionHeader VALUES ('TR-003', 'SF-002', 'CS-001', '2022-06-20', '2022-06-30')
INSERT INTO RentalTransactionHeader VALUES ('TR-004', 'SF-005', 'CS-002', '2022-05-29', '2022-06-21')
INSERT INTO RentalTransactionHeader VALUES ('TR-005', 'SF-003', 'CS-009', '2022-06-19', '2022-06-21')
INSERT INTO RentalTransactionHeader VALUES ('TR-006', 'SF-006', 'CS-010', '2022-06-19', '2022-06-21')
INSERT INTO RentalTransactionHeader VALUES ('TR-007', 'SF-007', 'CS-010', '2022-05-29', '2022-06-30')
INSERT INTO RentalTransactionHeader VALUES ('TR-008', 'SF-008', 'CS-001', '2022-06-28', '2022-07-01')
INSERT INTO RentalTransactionHeader VALUES ('TR-009', 'SF-010', 'CS-004', '2022-07-31', '2022-08-25')
INSERT INTO RentalTransactionHeader VALUES ('TR-010', 'SF-009', 'CS-005', '2022-08-31', '2022-09-28')
INSERT INTO RentalTransactionHeader VALUES ('TR-011', 'SF-002', 'CS-008', '2022-09-10', '2022-10-30')
INSERT INTO RentalTransactionHeader VALUES ('TR-012', 'SF-005', 'CS-007', '2022-10-25', '2022-11-01')
INSERT INTO RentalTransactionHeader VALUES ('TR-013', 'SF-004', 'CS-009', '2022-10-20', '2022-11-01')
INSERT INTO RentalTransactionHeader VALUES ('TR-014', 'SF-001', 'CS-004', '2022-11-01', '2022-11-04')
INSERT INTO RentalTransactionHeader VALUES ('TR-015', 'SF-005', 'CS-006', '2022-07-20', '2022-07-31')
INSERT INTO RentalTransactionHeader VALUES ('TR-016', 'SF-001', 'CS-002', '2022-01-20', '2022-08-31')
INSERT INTO RentalTransactionHeader VALUES ('TR-017', 'SF-002', 'CS-001', '2022-01-15', '2022-08-31')
INSERT INTO RentalTransactionHeader VALUES ('TR-018', 'SF-002', 'CS-004', '2022-01-13', '2022-08-31')


INSERT INTO RentalTransactionDetail VALUES ('TR-001', 'CR-003', 5)
INSERT INTO RentalTransactionDetail VALUES ('TR-002', 'CR-002', 24)
INSERT INTO RentalTransactionDetail VALUES ('TR-003', 'CR-001', 80)
INSERT INTO RentalTransactionDetail VALUES ('TR-004', 'CR-002', 3)
INSERT INTO RentalTransactionDetail VALUES ('TR-005', 'CR-003', 1)
INSERT INTO RentalTransactionDetail VALUES ('TR-006', 'CR-003', 100)
INSERT INTO RentalTransactionDetail VALUES ('TR-007', 'CR-002', 95)
INSERT INTO RentalTransactionDetail VALUES ('TR-008', 'CR-001', 50)
INSERT INTO RentalTransactionDetail VALUES ('TR-009', 'CR-005', 32)
INSERT INTO RentalTransactionDetail VALUES ('TR-010', 'CR-008', 120)
INSERT INTO RentalTransactionDetail VALUES ('TR-011', 'CR-007', 42)
INSERT INTO RentalTransactionDetail VALUES ('TR-012', 'CR-009', 60)
INSERT INTO RentalTransactionDetail VALUES ('TR-013', 'CR-010', 52)
INSERT INTO RentalTransactionDetail VALUES ('TR-014', 'CR-001', 150)
INSERT INTO RentalTransactionDetail VALUES ('TR-015', 'CR-002', 7)
INSERT INTO RentalTransactionDetail VALUES ('TR-011', 'CR-003', 67)
INSERT INTO RentalTransactionDetail VALUES ('TR-013', 'CR-004', 89)
INSERT INTO RentalTransactionDetail VALUES ('TR-011', 'CR-005', 99)
INSERT INTO RentalTransactionDetail VALUES ('TR-009', 'CR-010', 102)
INSERT INTO RentalTransactionDetail VALUES ('TR-002', 'CR-008', 3)
INSERT INTO RentalTransactionDetail VALUES ('TR-005', 'CR-009', 8)
INSERT INTO RentalTransactionDetail VALUES ('TR-003', 'CR-002', 75)
INSERT INTO RentalTransactionDetail VALUES ('TR-001', 'CR-001', 32)
INSERT INTO RentalTransactionDetail VALUES ('TR-002', 'CR-005', 31)
INSERT INTO RentalTransactionDetail VALUES ('TR-004', 'CR-007', 51)
INSERT INTO RentalTransactionDetail VALUES ('TR-016', 'CR-003', 102)
INSERT INTO RentalTransactionDetail VALUES ('TR-016', 'CR-001', 11)
INSERT INTO RentalTransactionDetail VALUES ('TR-016', 'CR-004', 10)


INSERT INTO ServiceTransactionHeader VALUES ('TS-001', 'SF-002', 'MC-001', 'CR-002', '2022-06-25')
INSERT INTO ServiceTransactionHeader VALUES ('TS-002', 'SF-001', 'MC-002', 'CR-001', '2022-07-15')
INSERT INTO ServiceTransactionHeader VALUES ('TS-003', 'SF-005', 'MC-003', 'CR-004', '2022-06-21')
INSERT INTO ServiceTransactionHeader VALUES ('TS-004', 'SF-009', 'MC-003', 'CR-010', '2022-03-13')
INSERT INTO ServiceTransactionHeader VALUES ('TS-005', 'SF-010', 'MC-004', 'CR-009', '2022-09-12')
INSERT INTO ServiceTransactionHeader VALUES ('TS-006', 'SF-002', 'MC-005', 'CR-009', '2022-10-07')
INSERT INTO ServiceTransactionHeader VALUES ('TS-007', 'SF-003', 'MC-005', 'CR-006', '2022-10-30')
INSERT INTO ServiceTransactionHeader VALUES ('TS-008', 'SF-004', 'MC-010', 'CR-005', '2022-09-28')
INSERT INTO ServiceTransactionHeader VALUES ('TS-009', 'SF-006', 'MC-007', 'CR-003', '2022-06-23')
INSERT INTO ServiceTransactionHeader VALUES ('TS-010', 'SF-007', 'MC-009', 'CR-004', '2022-08-21')
INSERT INTO ServiceTransactionHeader VALUES ('TS-011', 'SF-005', 'MC-008', 'CR-008', '2022-07-05')
INSERT INTO ServiceTransactionHeader VALUES ('TS-012', 'SF-007', 'MC-008', 'CR-010', '2022-08-01')
INSERT INTO ServiceTransactionHeader VALUES ('TS-013', 'SF-009', 'MC-003', 'CR-010', '2022-08-30')
INSERT INTO ServiceTransactionHeader VALUES ('TS-014', 'SF-010', 'MC-006', 'CR-003', '2022-07-29')
INSERT INTO ServiceTransactionHeader VALUES ('TS-015', 'SF-001', 'MC-006', 'CR-002', '2022-07-11')
INSERT INTO ServiceTransactionHeader VALUES ('TS-016', 'SF-007', 'MC-003', 'CR-001', '2022-10-11')
INSERT INTO ServiceTransactionHeader VALUES ('TS-017', 'SF-002', 'MC-005', 'CR-001', '2022-10-11')
INSERT INTO ServiceTransactionHeader VALUES ('TS-018', 'SF-001', 'MC-003', 'CR-002', '2022-11-11')
INSERT INTO ServiceTransactionHeader VALUES ('TS-019', 'SF-002', 'MC-003', 'CR-002', '2022-11-21')
INSERT INTO ServiceTransactionHeader VALUES ('TS-020', 'SF-002', 'MC-001', 'CR-005', '2022-09-15')

INSERT INTO ServiceTransactionDetail VALUES ('TS-001', 'SV-001')
INSERT INTO ServiceTransactionDetail VALUES ('TS-001', 'SV-002')
INSERT INTO ServiceTransactionDetail VALUES ('TS-001', 'SV-005')

INSERT INTO ServiceTransactionDetail VALUES ('TS-002', 'SV-002')
INSERT INTO ServiceTransactionDetail VALUES ('TS-003', 'SV-002')
INSERT INTO ServiceTransactionDetail VALUES ('TS-004', 'SV-002')
INSERT INTO ServiceTransactionDetail VALUES ('TS-005', 'SV-003')

INSERT INTO ServiceTransactionDetail VALUES ('TS-006', 'SV-004')
INSERT INTO ServiceTransactionDetail VALUES ('TS-006', 'SV-005')


INSERT INTO ServiceTransactionDetail VALUES ('TS-007', 'SV-002')
INSERT INTO ServiceTransactionDetail VALUES ('TS-007', 'SV-002')
INSERT INTO ServiceTransactionDetail VALUES ('TS-007', 'SV-005')
INSERT INTO ServiceTransactionDetail VALUES ('TS-008', 'SV-009')
INSERT INTO ServiceTransactionDetail VALUES ('TS-009', 'SV-010')
INSERT INTO ServiceTransactionDetail VALUES ('TS-010', 'SV-010')
INSERT INTO ServiceTransactionDetail VALUES ('TS-011', 'SV-007')
INSERT INTO ServiceTransactionDetail VALUES ('TS-011', 'SV-003')
INSERT INTO ServiceTransactionDetail VALUES ('TS-011', 'SV-004')
INSERT INTO ServiceTransactionDetail VALUES ('TS-012', 'SV-009')
INSERT INTO ServiceTransactionDetail VALUES ('TS-012', 'SV-006')
INSERT INTO ServiceTransactionDetail VALUES ('TS-013', 'SV-001')
INSERT INTO ServiceTransactionDetail VALUES ('TS-013', 'SV-004')
INSERT INTO ServiceTransactionDetail VALUES ('TS-013', 'SV-005')
INSERT INTO ServiceTransactionDetail VALUES ('TS-013', 'SV-008')
INSERT INTO ServiceTransactionDetail VALUES ('TS-014', 'SV-003')
INSERT INTO ServiceTransactionDetail VALUES ('TS-015', 'SV-002')
INSERT INTO ServiceTransactionDetail VALUES ('TS-016', 'SV-006')
INSERT INTO ServiceTransactionDetail VALUES ('TS-016', 'SV-009')
INSERT INTO ServiceTransactionDetail VALUES ('TS-016', 'SV-011')
INSERT INTO ServiceTransactionDetail VALUES ('TS-016', 'SV-012')

INSERT INTO ServiceTransactionDetail VALUES ('TS-017', 'SV-010')
INSERT INTO ServiceTransactionDetail VALUES ('TS-018', 'SV-012')
INSERT INTO ServiceTransactionDetail VALUES ('TS-019', 'SV-001')
INSERT INTO ServiceTransactionDetail VALUES ('TS-020', 'SV-001')





